Date,Closing Price (USD)
1/1/14,769.09849
1/2/14,804.02719
1/3/14,813.31748
1/4/14,871.11583
1/5/14,970.65083
1/6/14,962.46447
1/7/14,855.75933
1/8/14,860.84166
1/9/14,847.5325
1/10/14,892.26115
1/11/14,916.69666
1/12/14,873.27168
1/13/14,863.69888
1/14/14,853.25666
1/15/14,874.07416
1/16/14,842.19173
1/17/14,834.86666
1/18/14,838.42916
1/19/14,881.87583
1/20/14,873.28916
1/21/14,874.13266
1/22/14,864.56116
1/23/14,838.14997
1/24/14,834.57416
1/25/14,858.12641
1/26/14,887.08337
1/27/14,830.53133
1/28/14,832.89496
1/29/14,832.87399
1/30/14,841.48914
1/31/14,847.36383
2/1/14,854.7225
2/2/14,856.03366
2/3/14,847.70697
2/4/14,844.28836
2/5/14,802.75333
2/6/14,748.43559
2/7/14,692.66914
2/8/14,668.86463
2/9/14,700.44843
2/10/14,694.3125
2/11/14,665.7975
2/12/14,645.615
2/13/14,578.4125
2/14/14,641.91
2/15/14,656.2725
2/16/14,611.04499
2/17/14,634.99
2/18/14,618.79
2/19/14,619.8425
2/20/14,545.7625
2/21/14,561.535
2/22/14,622.22
2/23/14,572.7675
2/24/14,501.155
2/25/14,550.6025
2/26/14,573.1025
2/27/14,567.2925
2/28/14,551.73
3/1/14,560.195
3/2/14,567.7
3/3/14,666.1475
3/4/14,660.84
3/5/14,662.0225
3/6/14,651.285
3/7/14,612.33
3/8/14,611.1625
3/9/14,637.615
3/10/14,626
3/11/14,633.74749
3/12/14,631.755
3/13/14,636.41414
3/14/14,628.18751
3/15/14,632.95333
3/16/14,630.34833
3/17/14,617.24333
3/18/14,616.86665
3/19/14,601.015
3/20/14,581.33333
3/21/14,570.36168
3/22/14,562.95333
3/23/14,557.16833
3/24/14,573.34998
3/25/14,572.49161
3/26/14,570.54833
3/27/14,509.70665
3/28/14,499.24998
3/29/14,486.80845
3/30/14,472.4783
3/31/14,464.88
4/1/14,480.16581
4/2/14,427.87498
4/3/14,432.99716
4/4/14,453.87148
4/5/14,462.445
4/6/14,456.46948
4/7/14,452.81
4/8/14,450.48083
4/9/14,426.98333
4/10/14,374.59166
4/11/14,438.24666
4/12/14,423.51566
4/13/14,409.03166
4/14/14,455.28316
4/15/14,517.09666
4/16/14,522.455
4/17/14,490.8785
4/18/14,469.38332
4/19/14,507.80663
4/20/14,505.09665
4/21/14,497.65001
4/22/14,487.84
4/23/14,487.11333
4/24/14,469.08816
4/25/14,448.77834
4/26/14,452.14829
4/27/14,426.78166
4/28/14,432.60498
4/29/14,444.85668
4/30/14,454.55666
5/1/14,453.59833
5/2/14,441.97833
5/3/14,438.29035
5/4/14,432.78748
5/5/14,418.61831
5/6/14,428.42593
5/7/14,442.57666
5/8/14,439.04
5/9/14,449.04333
5/10/14,449.74166
5/11/14,434.27
5/12/14,437
5/13/14,438.88
5/14/14,445.045
5/15/14,443.18
5/16/14,445.60666
5/17/14,445.15666
5/18/14,444.73833
5/19/14,455.65333
5/20/14,489.86999
5/21/14,490.18666
5/22/14,522.31
5/23/14,512.30833
5/24/14,533.92999
5/25/14,579.59333
5/26/14,581.51
5/27/14,572.44833
5/28/14,562.4
5/29/14,571.845
5/30/14,612.12666
5/31/14,638.16333
6/1/14,634.98333
6/2/14,660.24666
6/3/14,627.79833
6/4/14,642.89166
6/5/14,652.52666
6/6/14,648.60166
6/7/14,652.59166
6/8/14,652.11
6/9/14,644.085
6/10/14,642.00666
6/11/14,632.55
6/12/14,585.48333
6/13/14,588.52333
6/14/14,570.28833
6/15/14,589.06666
6/16/14,592.25666
6/17/14,610.41333
6/18/14,601.88666
6/19/14,594.09333
6/20/14,582.04499
6/21/14,599.57
6/22/14,592.405
6/23/14,584.64166
6/24/14,575.905
6/25/14,571.76666
6/26/14,582.43166
6/27/14,597.66833
6/28/14,598.73333
6/29/14,597.51333
6/30/14,647.12249
7/1/14,637.85625
7/2/14,642.65125
7/3/14,643.95124
7/4/14,628.41625
7/5/14,631.03
7/6/14,631.29875
7/7/14,621.24249
7/8/14,620.72
7/9/14,621.3075
7/10/14,616.83124
7/11/14,634.35749
7/12/14,627.69
7/13/14,621.42499
7/14/14,618.73875
7/15/14,619.8075
7/16/14,614.68875
7/17/14,623.49749
7/18/14,623.99625
7/19/14,623.00625
7/20/14,617.96124
7/21/14,622.10749
7/22/14,618.4475
7/23/14,617.6875
7/24/14,602.93125
7/25/14,597.585
7/26/14,592.96375
7/27/14,580.11
7/28/14,585.44875
7/29/14,580.5175
7/30/14,564.57
7/31/14,583.39
8/1/14,593.80625
8/2/14,581.52
8/3/14,585.80125
8/4/14,582.33375
8/5/14,582.52125
8/6/14,583.62375
8/7/14,595.80875
8/8/14,585.39625
8/9/14,586.05875
8/10/14,588.7525
8/11/14,566.31625
8/12/14,565.55125
8/13/14,534.54
8/14/14,511.4725
8/15/14,487.56625
8/16/14,516.62625
8/17/14,489.4675
8/18/14,455.91625
8/19/14,472.91
8/20/14,519.015
8/21/14,508.12875
8/22/14,507.51
8/23/14,501.63125
8/24/14,503.32125
8/25/14,504.62625
8/26/14,513.39125
8/27/14,514.62375
8/28/14,506.025
8/29/14,504.70625
8/30/14,502.055
8/31/14,474.5425
9/1/14,477.98375
9/2/14,476.88375
9/3/14,475.65
9/4/14,485.65125
9/5/14,480.9075
9/6/14,481.88375
9/7/14,473.58625
9/8/14,468.5775
9/9/14,474.29125
9/10/14,479.4175
9/11/14,473.6725
9/12/14,471.5325
9/13/14,475.37875
9/14/14,475.02125
9/15/14,471.08375
9/16/14,464.55375
9/17/14,449.95875
9/18/14,425.4475
9/19/14,410.08
9/20/14,405.79625
9/21/14,399.0975
9/22/14,399.5025
9/23/14,427.8125
9/24/14,416.12
9/25/14,410.15
9/26/14,403.4975
9/27/14,398.84
9/28/14,377.97875
9/29/14,376.08375
9/30/14,387.94
10/1/14,381.7475
10/2/14,372.0575
10/3/14,360.7525
10/4/14,335.98125
10/5/14,308.07875
10/6/14,337.23375
10/7/14,326.2325
10/8/14,351.34625
10/9/14,368.59625
10/10/14,359.2025
10/11/14,356.99875
10/12/14,371.15625
10/13/14,392.7825
10/14/14,396.34625
10/15/14,392.56625
10/16/14,376.26875
10/17/14,378.675
10/18/14,390.95875
10/19/14,381.72375
10/20/14,380.0575
10/21/14,382.93875
10/22/14,376.59
10/23/14,351.7825
10/24/14,353.6325
10/25/14,345.1925
10/26/14,350.9775
10/27/14,349.79625
10/28/14,348.9025
10/29/14,335.53625
10/30/14,343.55875
10/31/14,338.0105
11/1/14,325.22633
11/2/14,331.60083
11/3/14,324.71833
11/4/14,332.45666
11/5/14,336.585
11/6/14,346.775
11/7/14,344.81166
11/8/14,343.065
11/9/14,358.50166
11/10/14,368.07666
11/11/14,376.99666
11/12/14,442.10666
11/13/14,389.00333
11/14/14,394.92666
11/15/14,377.08
11/16/14,400.47166
11/17/14,384.93
11/18/14,375.83333
11/19/14,376.16
11/20/14,348.565
11/21/14,352.42
11/22/14,356.8
11/23/14,367.83
11/24/14,381.20666
11/25/14,375.498
11/26/14,372.819
11/27/14,368.983
11/28/14,375.44
11/29/14,376.851
11/30/14,376.13218
12/1/14,377.862
12/2/14,382.452
12/3/14,376.382
12/4/14,368.3618
12/5/14,373.414
12/6/14,373.744
12/7/14,373.155
12/8/14,357.884
12/9/14,348.898
12/10/14,341.041
12/11/14,348.272
12/12/14,346.742
12/13/14,347.348
12/14/14,348.674
12/15/14,338.547
12/16/14,330.536
12/17/14,317.405
12/18/14,306.45999
12/19/14,319.196
12/20/14,321.89299
12/21/14,320.03499
12/22/14,328.701
12/23/14,332.053
12/24/14,321.386
12/25/14,318.563
12/26/14,320.868
12/27/14,316.009
12/28/14,315.64
12/29/14,313.994
12/30/14,309.903
12/31/14,317.204
1/1/15,314.49899
1/2/15,311.14099
1/3/15,277.853
1/4/15,270.813
1/5/15,272.0175
1/6/15,283.84125
1/7/15,290.485
1/8/15,281.03625
1/9/15,286.688
1/10/15,277.64999
1/11/15,268.10199
1/12/15,243.081
1/13/15,219.128
1/14/15,193.3511
1/15/15,220.5745
1/16/15,209.1655
1/17/15,195.59467
1/18/15,212.2711
1/19/15,211.5401
1/20/15,212.28249
1/21/15,230.6754
1/22/15,226.30419
1/23/15,231.4242
1/24/15,251.606
1/25/15,283.59769
1/26/15,258.5374
1/27/15,257.447
1/28/15,235.948
1/29/15,233.141
1/30/15,226.94116
1/31/15,216.66066
2/1/15,229.80441
2/2/15,237.65175
2/3/15,225.83858
2/4/15,226.554
2/5/15,219.75625
2/6/15,225.46666
2/7/15,225.73291
2/8/15,222.78408
2/9/15,220.16725
2/10/15,223.00366
2/11/15,218.72833
2/12/15,223.96716
2/13/15,237.65716
2/14/15,256.21758
2/15/15,230.1355
2/16/15,235.71275
2/17/15,242.93183
2/18/15,237.1035
2/19/15,241.07183
2/20/15,245.70566
2/21/15,245.145
2/22/15,235.14141
2/23/15,238.93183
2/24/15,238.15225
2/25/15,235.67716
2/26/15,251.28908
2/27/15,251.03416
2/28/15,251.9314
3/1/15,258.8485
3/2/15,270.7625
3/3/15,278.1172
3/4/15,269.2606
3/5/15,274.8977
3/6/15,270.86109
3/7/15,276.72789
3/8/15,277.98519
3/9/15,294.1886
3/10/15,289.7149
3/11/15,292.8678
3/12/15,293.224
3/13/15,282.644
3/14/15,283.0809
3/15/15,290.61579
3/16/15,290.542
3/17/15,283.7507
3/18/15,252.44789
3/19/15,263.4741
3/20/15,259.913
3/21/15,259.3943
3/22/15,267.5549
3/23/15,265.273
3/24/15,246.6733
3/25/15,245.6489
3/26/15,246.5497
3/27/15,248.4467
3/28/15,246.728
3/29/15,245.1133
3/30/15,247.2639
3/31/15,243.3028
4/1/15,246.96
4/2/15,252.0578
4/3/15,253.4334
4/4/15,252.0256
4/5/15,260.3589
4/6/15,252.0909
4/7/15,252.8629
4/8/15,244.0449
4/9/15,240.9478
4/10/15,236.4388
4/11/15,236.5542
4/12/15,235.522
4/13/15,222.6009
4/14/15,220.9126
4/15/15,226.0171
4/16/15,227.9255
4/17/15,223.317
4/18/15,223.4062
4/19/15,223.9214
4/20/15,224.9815
4/21/15,235.50369
4/22/15,234.15749
4/23/15,233.40079
4/24/15,228.92379
4/25/15,219.94549
4/26/15,219.19029
4/27/15,227.3867
4/28/15,225.3545
4/29/15,225.9976
4/30/15,236.6827
5/1/15,233.8511
5/2/15,236.2378
5/3/15,240.3646
5/4/15,235.6033
5/5/15,235.6017
5/6/15,230.4207
5/7/15,237.059
5/8/15,244.6989
5/9/15,241.516
5/10/15,239.4036
5/11/15,240.00079
5/12/15,241.3529
5/13/15,235.5478
5/14/15,237.5737
5/15/15,236.657
5/16/15,236.339
5/17/15,236.2319
5/18/15,233.3119
5/19/15,232.7193
5/20/15,234.204
5/21/15,235.86329
5/22/15,240.1588
5/23/15,239.7985
5/24/15,240.9415
5/25/15,237.6588
5/26/15,237.1844
5/27/15,237.6708
5/28/15,237.2277
5/29/15,236.1404
5/30/15,233.3328
5/31/15,230.8331
6/1/15,223.415
6/2/15,226.6168
6/3/15,225.444
6/4/15,223.9665
6/5/15,224.2525
6/6/15,225.8403
6/7/15,223.69459
6/8/15,228.1884
6/9/15,229.2025
6/10/15,229.9599
6/11/15,229.9082
6/12/15,230.6695
6/13/15,233.1445
6/14/15,234.7473
6/15/15,237.39899
6/16/15,248.7435
6/17/15,247.2359
6/18/15,249.0733
6/19/15,240.7897
6/20/15,244.15625
6/21/15,244.9588
6/22/15,247.1273
6/23/15,243.371
6/24/15,240.9204
6/25/15,242.31912
6/26/15,242.28812
6/27/15,250.382
6/28/15,249.42725
6/29/15,258.38549
6/30/15,261.71749
7/1/15,259.62937
7/2/15,255.52675
7/3/15,253.87887
7/4/15,261.42899
7/5/15,267.60762
7/6/15,270.07587
7/7/15,264.356
7/8/15,267.943
7/9/15,269.24925
7/10/15,286.53662
7/11/15,301.03837
7/12/15,304.9905
7/13/15,290.93137
7/14/15,288.48787
7/15/15,287.55762
7/16/15,276.97924
7/17/15,278.33337
7/18/15,275.30687
7/19/15,274.28387
7/20/15,279.45925
7/21/15,274.87242
7/22/15,276.2095
7/23/15,276.24491
7/24/15,287.55583
7/25/15,287.83983
7/26/15,291.20091
7/27/15,293.15058
7/28/15,292.99425
7/29/15,288.61658
7/30/15,286.74491
7/31/15,282.33741
8/1/15,278.68258
8/2/15,279.48591
8/3/15,283.49091
8/4/15,284.24366
8/5/15,280.9375
8/6/15,275.92866
8/7/15,278.2765
8/8/15,261.75225
8/9/15,265.0825
8/10/15,264.87516
8/11/15,270.22325
8/12/15,264.14299
8/13/15,262.01758
8/14/15,265.3955
8/15/15,261.20058
8/16/15,258.0065
8/17/15,256.44841
8/18/15,230.38424
8/19/15,232.06483
8/20/15,234.56375
8/21/15,233.03691
8/22/15,231.21275
8/23/15,227.23233
8/24/15,203.18133
8/25/15,219.81583
8/26/15,224.53608
8/27/15,224.18875
8/28/15,230.93575
8/29/15,230.58541
8/30/15,227.18083
8/31/15,229.02966
9/1/15,226.28841
9/2/15,228.35299
9/3/15,227.14741
9/4/15,229.66691
9/5/15,240.70116
9/6/15,239.88
9/7/15,242.01891
9/8/15,244.31383
9/9/15,237.99466
9/10/15,240.56366
9/11/15,239.81675
9/12/15,235.053
9/13/15,229.15808
9/14/15,230.51091
9/15/15,230.98066
9/16/15,229.58975
9/17/15,233.2385
9/18/15,232.50008
9/19/15,231.33733
9/20/15,230.75433
9/21/15,227.79358
9/22/15,231.30983
9/23/15,231.09508
9/24/15,233.74475
9/25/15,234.92466
9/26/15,234.32908
9/27/15,237.21116
9/28/15,238.56625
9/29/15,238.06125
9/30/15,237.15191
10/1/15,238.06358
10/2/15,237.63516
10/3/15,238.99883
10/4/15,238.82433
10/5/15,240.63075
10/6/15,246.49633
10/7/15,244.49816
10/8/15,243.25675
10/9/15,244.96533
10/10/15,245.07
10/11/15,247.65041
10/12/15,244.57641
10/13/15,249.45908
10/14/15,254.64216
10/15/15,255.72741
10/16/15,267.53983
10/17/15,270.04041
10/18/15,264.98625
10/19/15,264.92575
10/20/15,270.49541
10/21/15,267.46908
10/22/15,274.25325
10/23/15,279.97908
10/24/15,286.86941
10/25/15,284.286
10/26/15,287.83091
10/27/15,300.53566
10/28/15,304.32691
10/29/15,326.55691
10/30/15,327.58425
10/31/15,311.70274
11/1/15,325.64666
11/2/15,369.51133
11/3/15,432.46133
11/4/15,434.31683
11/5/15,359.586
11/6/15,377.64099
11/7/15,387.775
11/8/15,370.652
11/9/15,376.948
11/10/15,311.702
11/11/15,320.036
11/12/15,337.893
11/13/15,334.125
11/14/15,333.951
11/15/15,320.06
11/16/15,337.759
11/17/15,333.33299
11/18/15,334.02499
11/19/15,315.63099
11/20/15,321.482
11/21/15,326.365
11/22/15,322.606
11/23/15,320.993
11/24/15,318.337
11/25/15,332.471
11/26/15,349.138
11/27/15,354.954
11/28/15,356.806
11/29/15,375.204
11/30/15,377.798
12/1/15,352.128
12/2/15,366.788
12/3/15,358.443
12/4/15,369.956
12/5/15,394.861
12/6/15,391.618
12/7/15,395.59299
12/8/15,421.424
12/9/15,415.076
12/10/15,421.813
12/11/15,467.831
12/12/15,435.091
12/13/15,437.021
12/14/15,453.676
12/15/15,445.805
12/16/15,451.102
12/17/15,456.425
12/18/15,464.218
12/19/15,460.238
12/20/15,435.64099
12/21/15,438.276
12/22/15,437.994
12/23/15,456.572
12/24/15,455.743
12/25/15,447.606
12/26/15,419.338
12/27/15,427.817
12/28/15,422.741
12/29/15,431.029
12/30/15,424.962
12/31/15,432.358
1/1/16,433.773
1/2/16,431.985
1/3/16,431.691
1/4/16,433.732
1/5/16,427.164
1/6/16,441.021
1/7/16,457.168
1/8/16,452.368
1/9/16,445.327
1/10/16,450.312
1/11/16,446.614
1/12/16,431.156
1/13/16,431.41
1/14/16,416.29
1/15/16,372.737
1/16/16,383.138
1/17/16,380.817
1/18/16,382.738
1/19/16,378.775
1/20/16,417.439
1/21/16,403.271
1/22/16,388.219
1/23/16,388.538
1/24/16,397.885
1/25/16,390.715
1/26/16,392.389
1/27/16,381.356
1/28/16,369.133
1/29/16,376.952
1/30/16,378.174
1/31/16,372.157
2/1/16,372.453
2/2/16,372.762
2/3/16,370.433
2/4/16,386.954
2/5/16,377.889
2/6/16,376.44
2/7/16,376.924
2/8/16,372.434
2/9/16,374.764
2/10/16,379.186
2/11/16,378.576
2/12/16,388.87
2/13/16,397.23
2/14/16,405.621
2/15/16,401.663
2/16/16,407.017
2/17/16,417.492
2/18/16,421.956
2/19/16,422.054
2/20/16,439.61
2/21/16,436.14
2/22/16,438.745
2/23/16,419.896
2/24/16,422.617
2/25/16,421.244
2/26/16,433.401
2/27/16,425.502
2/28/16,438.28
2/29/16,436.426
3/1/16,434.001
3/2/16,419.254
3/3/16,421.597
3/4/16,407.722
3/5/16,397.883
3/6/16,407.276
3/7/16,414.213
3/8/16,410.739
3/9/16,411.672
3/10/16,416.708
3/11/16,415.04
3/12/16,411.637
3/13/16,414.208
3/14/16,416.034
3/15/16,414.167
3/16/16,417.138
3/17/16,417.154
3/18/16,407.473
3/19/16,409.24
3/20/16,407.496
3/21/16,415.125
3/22/16,417.318
3/23/16,415.837
3/24/16,414.75699
3/25/16,416.851
3/26/16,416.233
3/27/16,424.297
3/28/16,423.597
3/29/16,414.613
3/30/16,414.458
3/31/16,416.012
4/1/16,418.785
4/2/16,418.93999
4/3/16,418.593
4/4/16,422.044
4/5/16,422.29499
4/6/16,420.553
4/7/16,421.616
4/8/16,415.751
4/9/16,418.078
4/10/16,421.192
4/11/16,426.383
4/12/16,426.84399
4/13/16,425.494
4/14/16,426.279
4/15/16,429.775
4/16/16,430.453
4/17/16,429.318
4/18/16,428.522
4/19/16,435.926
4/20/16,443.758
4/21/16,446.776
4/22/16,447.233
4/23/16,455.152
4/24/16,458.626
4/25/16,464.429
4/26/16,466.064
4/27/16,441.304
4/28/16,446.236
4/29/16,454.375
4/30/16,449.108
5/1/16,453.067
5/2/16,443.681
5/3/16,449.157
5/4/16,447.73999
5/5/16,447.58599
5/6/16,458.864
5/7/16,459.937
5/8/16,458.708
5/9/16,460.954
5/10/16,454.39399
5/11/16,451.155
5/12/16,453.701
5/13/16,456.039
5/14/16,456.093
5/15/16,457.64099
5/16/16,454.278
5/17/16,454.064
5/18/16,453.494
5/19/16,440.231
5/20/16,442.953
5/21/16,442.892
5/22/16,440.551
5/23/16,444.489
5/24/16,447.035
5/25/16,448.278
5/26/16,467.262
5/27/16,489.847
5/28/16,516.051
5/29/16,529.917
5/30/16,537.23299
5/31/16,528.04999
6/1/16,538.568
6/2/16,537.185
6/3/16,571.139
6/4/16,579.343
6/5/16,578.84899
6/6/16,585.399
6/7/16,576.226
6/8/16,580.43599
6/9/16,574.953
6/10/16,583.87
6/11/16,633.205
6/12/16,682.226
6/13/16,695.155
6/14/16,685.442
6/15/16,732.357
6/16/16,773.25
6/17/16,736.386
6/18/16,747.831
6/19/16,758.903
6/20/16,702.696
6/21/16,657.013
6/22/16,581.249
6/23/16,657.08999
6/24/16,687.168
6/25/16,657.22399
6/26/16,644.091
6/27/16,655.94399
6/28/16,634.357
6/29/16,635.093
6/30/16,683.293
7/1/16,678.567
7/2/16,690.179
7/3/16,670.741
7/4/16,679.351
7/5/16,676.872
7/6/16,671.814
7/7/16,640.476
7/8/16,654.85299
7/9/16,649.356
7/10/16,656.747
7/11/16,648.136
7/12/16,663.443
7/13/16,654.018
7/14/16,663.638
7/15/16,666.56499
7/16/16,665.113
7/17/16,681.239
7/18/16,673.832
7/19/16,673.008
7/20/16,662.034
7/21/16,666.747
7/22/16,654.725
7/23/16,654.895
7/24/16,660.284
7/25/16,655.418
7/26/16,650.82899
7/27/16,656.91599
7/28/16,655.427
7/29/16,656.681
7/30/16,635.588
7/31/16,621.37299
8/1/16,601.227
8/2/16,555.926
8/3/16,578.52374
8/4/16,570.33875
8/5/16,574.87375
8/6/16,588.51625
8/7/16,589.66125
8/8/16,586.715
8/9/16,585.23875
8/10/16,594.81625
8/11/16,581.9625
8/12/16,584.87375
8/13/16,581.65
8/14/16,571.9625
8/15/16,567.60749
8/16/16,575.54125
8/17/16,572.37249
8/18/16,573.01625
8/19/16,573.08
8/20/16,581.35375
8/21/16,579.6675
8/22/16,585.5075
8/23/16,577.98749
8/24/16,574.5825
8/25/16,575.0625
8/26/16,575.3425
8/27/16,568.78875
8/28/16,574.49749
8/29/16,571.94125
8/30/16,573.78125
8/31/16,572.96
9/1/16,570.1
9/2/16,572.52125
9/3/16,596.45375
9/4/16,606.0525
9/5/16,604.465
9/6/16,609.4325
9/7/16,613.67499
9/8/16,623.6
9/9/16,620.59875
9/10/16,622.03375
9/11/16,604.8275
9/12/16,607.03625
9/13/16,606.885
9/14/16,606.8975
9/15/16,605.52125
9/16/16,606.04625
9/17/16,605.08
9/18/16,609.37249
9/19/16,606.7175
9/20/16,595.93375
9/21/16,596.225
9/22/16,595.0175
9/23/16,602.4075
9/24/16,601.36875
9/25/16,598.9075
9/26/16,605.0175
9/27/16,602.885
9/28/16,603.58124
9/29/16,604.52125
9/30/16,610.58375
10/1/16,613.23749
10/2/16,611.88874
10/3/16,609.495
10/4/16,608.125
10/5/16,610.57
10/6/16,610.23375
10/7/16,617.445
10/8/16,614.59625
10/9/16,615.91625
10/10/16,618.3275
10/11/16,637.21624
10/12/16,637.73625
10/13/16,635.88375
10/14/16,638.975
10/15/16,638.605
10/16/16,636.635
10/17/16,637.01625
10/18/16,634.605
10/19/16,626.36875
10/20/16,629.61249
10/21/16,630.61875
10/22/16,650.895
10/23/16,647.69375
10/24/16,652.235
10/25/16,657.05625
10/26/16,684.3775
10/27/16,684.2975
10/28/16,700.135
10/29/16,704.91
10/30/16,693.89625
10/31/16,708.955
11/1/16,725.6925
11/2/16,741.84875
11/3/16,701.21875
11/4/16,702.175
11/5/16,705.47875
11/6/16,705.47125
11/7/16,706.13375
11/8/16,728.36125
11/9/16,719.2525
11/10/16,714.57125
11/11/16,715.7725
11/12/16,694.72125
11/13/16,704.62125
11/14/16,711.39625
11/15/16,710.9275
11/16/16,745.92625
11/17/16,738.665
11/18/16,748.8075
11/19/16,752.5525
11/20/16,730.365
11/21/16,734.84
11/22/16,745.97875
11/23/16,739.81875
11/24/16,730.3125
11/25/16,737.4025
11/26/16,727.445
11/27/16,731.9
11/28/16,731.12625
11/29/16,731.64
11/30/16,744.1025
12/1/16,766.5925
12/2/16,769.915
12/3/16,764.3575
12/4/16,760.1
12/5/16,754.82625
12/6/16,758.35375
12/7/16,763.23625
12/8/16,766.8725
12/9/16,773.2825
12/10/16,765.9525
12/11/16,769.8275
12/12/16,774.38625
12/13/16,778.35625
12/14/16,776.9825
12/15/16,776.415
12/16/16,786.9725
12/17/16,789.24625
12/18/16,791
12/19/16,789.2325
12/20/16,805.79625
12/21/16,842.63875
12/22/16,910.9325
12/23/16,910.2475
12/24/16,870.13125
12/25/16,905.45625
12/26/16,900.36625
12/27/16,948.89875
12/28/16,971.645
12/29/16,954.84375
12/30/16,952.455
12/31/16,964.325
1/1/17,1009.97375
1/2/17,1028.33375
1/3/17,1047.09999
1/4/17,1140.385
1/5/17,985.93875
1/6/17,837.83625
1/7/17,923.52375
1/8/17,889.33875
1/9/17,905.22625
1/10/17,910.60625
1/11/17,772.66125
1/12/17,784.89375
1/13/17,820.68875
1/14/17,821.19625
1/15/17,830.74
1/16/17,848.58125
1/17/17,890.29375
1/18/17,888.0625
1/19/17,896.16375
1/20/17,920.58875
1/21/17,934.7775
1/22/17,920.365
1/23/17,912.2125
1/24/17,898.55
1/25/17,901.05
1/26/17,912.84375
1/27/17,919.795
1/28/17,920.82875
1/29/17,916.91125
1/30/17,921.35125
1/31/17,973.065
2/1/17,982.8275
2/2/17,1020.09
2/3/17,1011.215
2/4/17,1029.40124
2/5/17,1019.3125
2/6/17,1029.40875
2/7/17,1067.70875
2/8/17,1072.205
2/9/17,974.95875
2/10/17,997.2275
2/11/17,1004.71375
2/12/17,1004.85375
2/13/17,994.58
2/14/17,1003.59
2/15/17,1018.41125
2/16/17,1038.86625
2/17/17,1058.315
2/18/17,1052.84375
2/19/17,1046.66249
2/20/17,1079.5825
2/21/17,1112.86375
2/22/17,1122.515
2/23/17,1193.501
2/24/17,1182.429
2/25/17,1139.848
2/26/17,1189.366
2/27/17,1189.94699
2/28/17,1193.611
3/1/17,1221.05
3/2/17,1269.776
3/3/17,1285.376
3/4/17,1260.668
3/5/17,1273.24699
3/6/17,1280.30499
3/7/17,1206.357
3/8/17,1153.06
3/9/17,1200.557
3/10/17,1147.625
3/11/17,1186.351
3/12/17,1235.553
3/13/17,1242.806
3/14/17,1245.892
3/15/17,1247.67099
3/16/17,1126.08199
3/17/17,1062.07
3/18/17,1000.24599
3/19/17,1036.226
3/20/17,1065.481
3/21/17,1091.333
3/22/17,1036.099
3/23/17,1013.844
3/24/17,921.808
3/25/17,962.508
3/26/17,968.293
3/27/17,1035.32199
3/28/17,1011.969
3/29/17,1041.374
3/30/17,1048.86299
3/31/17,1077.557
4/1/17,1082.37
4/2/17,1140.037
4/3/17,1148.092
4/4/17,1139.86
4/5/17,1150.685
4/6/17,1177.284
4/7/17,1196.896
4/8/17,1187.03299
4/9/17,1213.801
4/10/17,1206.74
4/11/17,1226.896
4/12/17,1216.269
4/13/17,1187.136
4/14/17,1186.10899
4/15/17,1189.55
4/16/17,1184.2
4/17/17,1211.73799
4/18/17,1218.666
4/19/17,1227.981
4/20/17,1261.702
4/21/17,1255.25125
4/22/17,1232.7575
4/23/17,1243.43
4/24/17,1251.5775
4/25/17,1269.69625
4/26/17,1289.7475
4/27/17,1335.825
4/28/17,1319.7
4/29/17,1311.58874
4/30/17,1370.79
5/1/17,1416.61
5/2/17,1448.88625
5/3/17,1506.7725
5/4/17,1543.31
5/5/17,1536.1525
5/6/17,1554.6025
5/7/17,1564.065
5/8/17,1644.72875
5/9/17,1695.83125
5/10/17,1748.35375
5/11/17,1774.52
5/12/17,1634.6075
5/13/17,1774.805
5/14/17,1747.04375
5/15/17,1665.0325
5/16/17,1744.44125
5/17/17,1796.89625
5/18/17,1913.13875
5/19/17,1983.97875
5/20/17,2074.69625
5/21/17,2114.98875
5/22/17,2196.66874
5/23/17,2348.55249
5/24/17,2581.85375
5/25/17,2460.95375
5/26/17,2232.2875
5/27/17,2234.83374
5/28/17,2195.785
5/29/17,2315.73625
5/30/17,2170.98124
5/31/17,2402.125
6/1/17,2477.1725
6/2/17,2475.2975
6/3/17,2526.31125
6/4/17,2605.125
6/5/17,2855.03
6/6/17,2900.8525
6/7/17,2737.9025
6/8/17,2826.03875
6/9/17,2846.00625
6/10/17,2910.33625
6/11/17,3007.0125
6/12/17,2697.0775
6/13/17,2780.1825
6/14/17,2518.54875
6/15/17,2438.61749
6/16/17,2520.78375
6/17/17,2680.1025
6/18/17,2611.67999
6/19/17,2667.5475
6/20/17,2805.0975
6/21/17,2702.00375
6/22/17,2763.29125
6/23/17,2740.5925
6/24/17,2598.15875
6/25/17,2630.59499
6/26/17,2513.42999
6/27/17,2556.1675
6/28/17,2591.2675
6/29/17,2547.3225
6/30/17,2479.05499
7/1/17,2424.69875
7/2/17,2513.74125
7/3/17,2640.06125
7/4/17,2588.67875
7/5/17,2634.17375
7/6/17,2598.57
7/7/17,2514.3625
7/8/17,2586.0425
7/9/17,2524.12624
7/10/17,2352.265
7/11/17,2292.91375
7/12/17,2437.55375
7/13/17,2337.67875
7/14/17,2109.37375
7/15/17,2045.5725
7/16/17,1986.9425
7/17/17,2189.23999
7/18/17,2354.8925
7/19/17,2349.355
7/20/17,2740.56875
7/21/17,2738.775
7/22/17,2831.67875
7/23/17,2772.3675
7/24/17,2768.8025
7/25/17,2540.20874
7/26/17,2570.195
7/27/17,2699.72125
7/28/17,2719.69
7/29/17,2714.70375
7/30/17,2718.6175
7/31/17,2867.65375
8/1/17,2739.70875
8/2/17,2740.07125
8/3/17,2811.71
8/4/17,3123.41125
8/5/17,3254.71
8/6/17,3274.6375
8/7/17,3474.7625
8/8/17,3416.185
8/9/17,3364.41125
8/10/17,3451.8525
8/11/17,3705.43
8/12/17,4104.015
8/13/17,4036.7575
8/14/17,4462.67625
8/15/17,4118.9025
8/16/17,4322.42125
8/17/17,4311.685
8/18/17,4180.23875
8/19/17,4139.38125
8/20/17,4110.94125
8/21/17,3911.27625
8/22/17,4162.79249
8/23/17,4178.75625
8/24/17,4396.03125
8/25/17,4359.9025
8/26/17,4381.39625
8/27/17,4340.46
8/28/17,4442.6575
8/29/17,4664.64375
8/30/17,4676.1425
8/31/17,4783.17
9/1/17,4864.285
9/2/17,4672.56875
9/3/17,4593.1825
9/4/17,4160.535
9/5/17,4517.57
9/6/17,4543.1025
9/7/17,4628.6025
9/8/17,4280.975
9/9/17,4194.21875
9/10/17,4307.82625
9/11/17,4295.76124
9/12/17,3944.58375
9/13/17,3817.0575
9/14/17,3358.10875
9/15/17,3772.68375
9/16/17,3608.595
9/17/17,3764.6175
9/18/17,3976.3875
9/19/17,3863.18625
9/20/17,3827.685
9/21/17,3690.99125
9/22/17,3612.1625
9/23/17,3772.8475
9/24/17,3753.435
9/25/17,3920.99125
9/26/17,3939.515
9/27/17,4220.28
9/28/17,4062.20375
9/29/17,4207.825
9/30/17,4300.55125
10/1/17,4414.1775
10/2/17,4424.4725
10/3/17,4307.555
10/4/17,4186.78374
10/5/17,4325.23625
10/6/17,4370.16875
10/7/17,4446.17249
10/8/17,4624.34875
10/9/17,4789.30125
10/10/17,4741.70875
10/11/17,4858.60499
10/12/17,5728.5475
10/13/17,5666.97875
10/14/17,5779.07375
10/15/17,5607.01
10/16/17,5643.55375
10/17/17,5495.03875
10/18/17,5627.08625
10/19/17,5686.52625
10/20/17,6098.115
10/21/17,5949.07875
10/22/17,5969.795
10/23/17,5649.005
10/24/17,5550.85875
10/25/17,5776.87875
10/26/17,5923.70625
10/27/17,5737.1025
10/28/17,5741.7225
10/29/17,6151.325
10/30/17,6130.56375
10/31/17,6424.515
11/1/17,6879.365
11/2/17,7199.2375
11/3/17,7210.46875
11/4/17,7376.7425
11/5/17,7231.93
11/6/17,7123.89375
11/7/17,7356.50625
11/8/17,7342.82375
11/9/17,7250.77
11/10/17,6773.695
11/11/17,6075.30125
11/12/17,5969.13
11/13/17,6666.27125
11/14/17,6867.42625
11/15/17,7259.3
11/16/17,7924.1825
11/17/17,7598.2775
11/18/17,7787.45625
11/19/17,7954.7675
11/20/17,7879.06
11/21/17,8150.6325
11/22/17,8208.75375
11/23/17,8094.445
11/24/17,8190.87125
11/25/17,8851.305
11/26/17,9573.9675
11/27/17,9713.09625
11/28/17,10295.6225
11/29/17,10542.6625
11/30/17,9706.10375
12/1/17,10923.20125
12/2/17,10973.54375
12/3/17,11382.20875
12/4/17,11597.23125
12/5/17,12230.365
12/6/17,13734.52
12/7/17,16403.42125
12/8/17,15732.1
12/9/17,13152.52875
12/10/17,16299.2975
12/11/17,16374.8975
12/12/17,16678.28749
12/13/17,16246.13875
12/14/17,17221.65125
12/15/17,17436.5975
12/16/17,19166.97874
12/17/17,18640.2625
12/18/17,18984.7675
12/19/17,16862.57125
12/20/17,16925.0175
12/21/17,14182.46499
12/22/17,14694.5825
12/23/17,14103.21875
12/24/17,13387.34875
12/25/17,14652.3675
12/26/17,15846.07375
12/27/17,14362.40375
12/28/17,14867.5725
12/29/17,13643.695
12/30/17,13062.145
12/31/17,13439.4175
1/1/18,13337.62125
1/2/18,14881.545
1/3/18,15104.45
1/4/18,14953.8525
1/5/18,16576.69625
1/6/18,16735.10625
1/7/18,15632.41125
1/8/18,15242.93625
1/9/18,14122.825
1/10/18,13269.5975
1/11/18,13633.36375
1/12/18,14165.90625
1/13/18,14217.3625
1/14/18,13519.92625
1/15/18,12915.11625
1/16/18,10870.16875
1/17/18,11340.65
1/18/18,11137.36875
1/19/18,11742.94125
1/20/18,12486.06625
1/21/18,11508.62
1/22/18,10872.9025
1/23/18,10830.9275
1/24/18,11629.375
1/25/18,11524.345
1/26/18,11005.615
1/27/18,11452.23
1/28/18,11412.79375
1/29/18,10917.15125
1/30/18,9914.4725
1/31/18,9970.30875
2/1/18,8715.59499
2/2/18,8285.50124
2/3/18,9192.045
2/4/18,8136.39
2/5/18,6332.37
2/6/18,7270.5075
2/7/18,7987.28125
2/8/18,8086.7725
2/9/18,8930.13875
2/10/18,8045.44
2/11/18,8478.92499
2/12/18,8766.8525
2/13/18,8693.2525
2/14/18,9659.2875
2/15/18,10110.83875
2/16/18,10474.77125
2/17/18,10855.9375
2/18/18,10537.00625
2/19/18,11416.03875
2/20/18,10928.02
2/21/18,10727.9525
2/22/18,9809.72125
2/23/18,10412.36875
2/24/18,9585.285
2/25/18,9627.71625
2/26/18,10272.9025
2/27/18,10903.01875
2/28/18,10352.04625
3/1/18,11100.2925
3/2/18,11305.1225
3/3/18,11171.8175
3/4/18,11558.475
3/5/18,11246.7475
3/6/18,10735.88625
3/7/18,9552.75875
3/8/18,8980.19249
3/9/18,9251.2925
3/10/18,8680.6075
3/11/18,9433.47374
3/12/18,9047.5125
3/13/18,9260.70875
3/14/18,7895.98875
3/15/18,8039.6025
3/16/18,8206.555
3/17/18,7667.99
3/18/18,8189.49125
3/19/18,8597.3375
3/20/18,9028.2975
3/21/18,9023.7175
3/22/18,8411.6525
3/23/18,8881.98625
3/24/18,8548.8125
3/25/18,8429.33124
3/26/18,7854.6375
3/27/18,7863.255
3/28/18,7866.36
3/29/18,6861.325
3/30/18,6970.36375
3/31/18,6926.875
4/1/18,6986.835
4/2/18,7182.12
4/3/18,7295.89
4/4/18,6769.48375
4/5/18,6766.5925
4/6/18,6854.92125
4/7/18,6964.4325
4/8/18,7125.53875
4/9/18,6789.2675
4/10/18,6824.49375
4/11/18,6941.63875
4/12/18,7823.55875
4/13/18,8040.88125
4/14/18,8083.57375
4/15/18,8160.4125
4/16/18,8030.57
4/17/18,7937.61
4/18/18,8188.71875
4/19/18,8333.81374
4/20/18,8866.67
4/21/18,8830.05875
4/22/18,8868.16124
4/23/18,9191.82
4/24/18,9373.3025
4/25/18,8807.515
4/26/18,9153.64125
4/27/18,9144.38375
4/28/18,9444.1425
4/29/18,9268.7175
4/30/18,8949.87624
5/1/18,9029.47875
5/2/18,9228.8525
5/3/18,9572.69875
5/4/18,9817.5975
5/5/18,9845.54375
5/6/18,9326.76125
5/7/18,9424.99124
5/8/18,9039.02875
5/9/18,9327.04999
5/10/18,8920.25625
5/11/18,8408.35875
5/12/18,8442.23875
5/13/18,8398.86249
5/14/18,8711.38875
5/15/18,8159.25625
5/16/18,8360.22875
5/17/18,7996.82125
5/18/18,8237.3425
5/19/18,8250.395
5/20/18,8493.13125
5/21/18,8324.025
5/22/18,7951.51375
5/23/18,7614.96375
5/24/18,7599.9525
5/25/18,7436.835
5/26/18,7296.79625
5/27/18,7383.2175
5/28/18,7118.42375
5/29/18,7491.61125
5/30/18,7363.27625
5/31/18,7490.62125
6/1/18,7518.333329
6/2/18,7630.403388
6/3/18,7716.145068
6/4/18,7505.589277
6/5/18,7624.187971
6/6/18,7658.57
6/7/18,7684.93
6/8/18,7618.11
6/9/18,7495.1
6/10/18,6770.31
6/11/18,6780.340803
6/12/18,6525.329182
6/13/18,6321.655965
6/14/18,6601.324158
6/15/18,6397.44117
6/16/18,6529.544015
6/17/18,6482.868697
6/18/18,6711.64967
6/19/18,6731.710147
6/20/18,6736.867721
6/21/18,6729.925937
6/22/18,6099.445277
6/23/18,6198.700824
6/24/18,6142.39257
6/25/18,6244.328455
6/26/18,6148.422705
6/27/18,6140.1915
6/28/18,5954.526582
6/29/18,6189.309252
6/30/18,6343.8922
7/1/18,6373.277854
7/2/18,6629.749595
7/3/18,6482.830594
7/4/18,6589.632793
7/5/18,6538.682432
7/6/18,6596.53
7/7/18,6570.427592
7/8/18,6744.988679
7/9/18,6694.530851
7/10/18,6364.38759
7/11/18,6360.446668
7/12/18,6144.810118
7/13/18,6215.59
7/14/18,6254.678129
7/15/18,6366.349904
7/16/18,6671.625919
7/17/18,7315.55104
7/18/18,7359.737018
7/19/18,7484.63967
7/20/18,7357.445677
7/21/18,7424.734238
7/22/18,7411.200525
7/23/18,7730.24748
7/24/18,8325.801534
7/25/18,8271.59792
7/26/18,7925.247396
7/27/18,8254.277348
7/28/18,8184.695535
7/29/18,8201.89009
7/30/18,8166.38836
7/31/18,7700.834129
8/1/18,7588.58618
8/2/18,7547.314951
8/3/18,7423.074378
8/4/18,7396.041122
8/5/18,7411.515299
8/6/18,7402.336634
8/7/18,6748.441484
8/8/18,6460.153155
8/9/18,6482.973449
8/10/18,6092.533104
8/11/18,6391.599258
8/12/18,6338.738957
8/13/18,6260.192995
8/14/18,6123.447601
8/15/18,6332.6069
8/16/18,6273.88807
8/17/18,6566.595283
8/18/18,6396.946369
8/19/18,6516.668382
8/20/18,6299.395333
8/21/18,6470.733567
8/22/18,6355.881809
8/23/18,6503.832362
8/24/18,6675.360683
8/25/18,6725.032327
8/26/18,6689.822683
8/27/18,6756.628926
8/28/18,7084.293617
8/29/18,7059.231235
8/30/18,6938.914582
8/31/18,7028.447312
9/1/18,7198.058436
9/2/18,7282.858514
9/3/18,7260.251593
9/4/18,7361.271864
9/5/18,6913.115013
9/6/18,6471.493884
9/7/18,6400.268706
9/8/18,6181.744207
9/9/18,6253.937201
9/10/18,6275.083132
9/11/18,6275.669588
9/12/18,6277.494409
9/13/18,6283.1842
9/14/18,6285.982466
9/15/18,6280.310107
9/16/18,6281.409356
9/17/18,6273.220083
9/18/18,6278.595486
9/19/18,6282.610727
9/20/18,6288.07017
9/21/18,6317.699685
9/22/18,6293.836421
9/23/18,6289.621327
9/24/18,6466.994564
9/25/18,6391.385981
9/26/18,6509.776621
9/27/18,6698.416047
9/28/18,6502.688151
9/29/18,6576.61432
9/30/18,6647.387947
10/1/18,6603.754342
10/2/18,6576.354229
10/3/18,6481.24577
10/4/18,6594.935786
10/5/18,6630.575297
10/6/18,6595.260326
10/7/18,6591.686318
10/8/18,6662.8685
10/9/18,6663.021071
10/10/18,6619.495845
10/11/18,6285.859203
10/12/18,6309.198921
10/13/18,6331.131154
10/14/18,6361.417016
10/15/18,6721.587503
10/16/18,6724.833078
10/17/18,6444.74701
10/18/18,6374.648863
10/19/18,6372.686817
10/20/18,6407.479085
10/21/18,6412.530491
10/22/18,6396.880154
10/23/18,6396.252324
10/24/18,6407.667175
10/25/18,6405.500726
10/26/18,6392.179337
10/27/18,6436.355484
10/28/18,6429.687141
10/29/18,6266.189683
10/30/18,6276.4645
10/31/18,6321.713671
11/1/18,6341.094813
11/2/18,6360.141272
11/3/18,6344.738943
11/4/18,6405.139755
11/5/18,6396.352124
11/6/18,6425.917802
11/7/18,6514.489453
11/8/18,6412.524289
11/9/18,6343.632504
11/10/18,6365.655232
11/11/18,6327.480646
11/12/18,6327.154696
11/13/18,6282.438677
11/14/18,5524.801093
11/15/18,5511.152834
11/16/18,5448.600634
11/17/18,5497.411279
11/18/18,5553.014895
11/19/18,4800.342897
11/20/18,4246.312774
11/21/18,4478.299558
11/22/18,4405.744031
11/23/18,4329.91722
11/24/18,3728.872648
11/25/18,3951.205029
11/26/18,3640.557165
11/27/18,3792.192364
11/28/18,4174.319972
11/29/18,4218.608363
11/30/18,3952.447895
12/1/18,4178.603828
12/2/18,4118.518242
12/3/18,3847.032737
12/4/18,3889.29212
12/5/18,3713.573383
12/6/18,3578.206624
12/7/18,3391.874146
12/8/18,3452.616185
12/9/18,3507.306367
12/10/18,3419.733768
12/11/18,3360.946628
12/12/18,3414.833749
12/13/18,3263.547913
12/14/18,3212.207081
12/15/18,3194.962272
12/16/18,3200.642468
12/17/18,3478.461203
12/18/18,3562.894946
12/19/18,3709.316759
12/20/18,4065.799953
12/21/18,3824.739794
12/22/18,3862.726329
12/23/18,3949.794342
12/24/18,4054.29626
12/25/18,3767.350024
12/26/18,3807.153022
12/27/18,3587.198223
12/28/18,3865.5293
12/29/18,3725.48
12/30/18,3832.4
12/31/18,3689.56462
1/1/19,3715.564441
1/2/19,3882.304754
1/3/19,3795.592741
1/4/19,3812.381108
1/5/19,3809.914343
1/6/19,4014.133187
1/7/19,3989.631741
1/8/19,3992.986144
1/9/19,3995.325193
1/10/19,3617.346291
1/11/19,3606.16489
1/12/19,3611.528238
1/13/19,3497.669392
1/14/19,3654.347067
1/15/19,3568.751259
1/16/19,3593.72174
1/17/19,3623.717337
1/18/19,3605.855187
1/19/19,3690.908564
1/20/19,3544.221724
1/21/19,3528.463529
1/22/19,3581.551947
1/23/19,3549.770799
1/24/19,3562.920476
1/25/19,3566.666164
1/26/19,3563.27801
1/27/19,3539.620947
1/28/19,3425.262161
1/29/19,3395.018645
1/30/19,3441.032215
1/31/19,3420.633227
2/1/19,3439.805699
2/2/19,3433.035285
2/3/19,3404.499313
2/4/19,3412.230431
2/5/19,3419.767899
2/6/19,3367.519032
2/7/19,3360.534076
2/8/19,3591.022152
2/9/19,3617.46468
2/10/19,3621.154003
2/11/19,3593.183177
2/12/19,3579.341881
2/13/19,3569.554833
2/14/19,3558.396858
2/15/19,3566.247765
2/16/19,3596.405191
2/17/19,3606.151988
2/18/19,3865.318165
2/19/19,3904.48292
2/20/19,3924.739844
2/21/19,3889.758485
2/22/19,3933.60759
2/23/19,4105.112759
2/24/19,3763.620516
2/25/19,3819.865341
2/26/19,3797.58179
2/27/19,3772.936335
2/28/19,3799.678543
3/1/19,3811.611979
3/2/19,3804.41917
3/3/19,3782.664101
3/4/19,3689.862893
3/5/19,3832.080885
3/6/19,3848.95637
3/7/19,3859.839983
3/8/19,3828.371904
3/9/19,3898.86846
3/10/19,3899.655869
3/11/19,3851.24919
3/12/19,3866.295946
3/13/19,3846.274442
3/14/19,3855.744363
3/15/19,3892.052301
3/16/19,3985.851236
3/17/19,3970.389045
3/18/19,3974.415764
3/19/19,3996.037131
3/20/19,4027.787395
3/21/19,3974.811429
3/22/19,3987.305225
3/23/19,3977.707443
3/24/19,3968.438701
3/25/19,3913.781717
3/26/19,3915.37532
3/27/19,4018.59051
3/28/19,4008.370872
3/29/19,4080.260114
3/30/19,4081.221605
3/31/19,4094.704791
4/1/19,4135.18494
4/2/19,4818.770635
4/3/19,5102.150753
4/4/19,4875.599431
4/5/19,5030.933271
4/6/19,5028.321082
4/7/19,5198.17317
4/8/19,5260.205043
4/9/19,5179.997649
4/10/19,5283.543758
4/11/19,5049.605824
4/12/19,5077.515864
4/13/19,5066.86704
4/14/19,5158.387401
4/15/19,5045.675166
4/16/19,5184.204468
4/17/19,5220.959934
4/18/19,5276.558982
4/19/19,5266.661246
4/20/19,5292.14833
4/21/19,5276.558318
4/22/19,5398.433417
4/23/19,5552.521911
4/24/19,5432.991017
4/25/19,5132.227526
4/26/19,5151.574528
4/27/19,5200.193239
4/28/19,5152.54574
4/29/19,5151.4335
4/30/19,5277.444469
5/1/19,5297.942492
5/2/19,5405.878067
5/3/19,5697.679054
5/4/19,5812.331779
5/5/19,5713.035052
5/6/19,5706.008421
5/7/19,5899.529693
5/8/19,5932.441391
5/9/19,6159.685902
5/10/19,6387.82945
5/11/19,7254.805536
5/12/19,6992.706661
5/13/19,7906.940835
5/14/19,7928.417416
5/15/19,8177.453519
5/16/19,7820.076243
5/17/19,7243.650539
5/18/19,7295.649729
5/19/19,8221.259395
5/20/19,7917.012499
5/21/19,7961.128743
5/22/19,7723.90388
5/23/19,7903.84691
5/24/19,8038.506791
5/25/19,8089.570163
5/26/19,8653.142368
5/27/19,8800.346606
5/28/19,8719.331485
5/29/19,8672.400107
5/30/19,8287.040256
5/31/19,8513.203882
6/1/19,8588.479505
6/2/19,8744.265561
6/3/19,8474.048229
6/4/19,7645.572514
6/5/19,7790.321135
6/6/19,7730.881726
6/7/19,8030.256079
6/8/19,7949.425799
6/9/19,7600.922492
6/10/19,7954.006238
6/11/19,7903.62525
6/12/19,8151.78868
6/13/19,8256.720099
6/14/19,8667.787954
6/15/19,8836.168413
6/16/19,9061.540461
6/17/19,9346.975087
6/18/19,9012.48785
6/19/19,9259.123638
6/20/19,9559.900689
6/21/19,9906.407965
6/22/19,10461.41217
6/23/19,10843.57097
6/24/19,10996.45975
6/25/19,11665.40968
6/26/19,12444.92586
6/27/19,11086.26883
6/28/19,12316.95301
6/29/19,12024.08097
6/30/19,10932.31051
7/1/19,10454.68382
7/2/19,10800.13014
7/3/19,11942.24022
7/4/19,11645.52461
7/5/19,10946.20905
7/6/19,11219.046
7/7/19,11422.11447
7/8/19,12335.99939
7/9/19,12575.90407
7/10/19,12054.18379
7/11/19,11324.1447
7/12/19,11802.95996
7/13/19,11279.60274
7/14/19,10506.39583
7/15/19,10934.48274
7/16/19,9490.410516
7/17/19,9733.132134
7/18/19,10603.34887
7/19/19,10466.26094
7/20/19,10983.216
7/21/19,10551.13163
7/22/19,10285.63923
7/23/19,10027.53261
7/24/19,9771.504761
7/25/19,9897.429352
7/26/19,9812.226351
7/27/19,9440.140037
7/28/19,9495.855261
7/29/19,9506.704273
7/30/19,9572.735372
7/31/19,10005.29447
8/1/19,10385.20061
8/2/19,10513.91147
8/3/19,10831.25986
8/4/19,10985.80754
8/5/19,11811.78705
8/6/19,11310.18722
8/7/19,11956.04722
8/8/19,11817.45548
8/9/19,11827.57457
8/10/19,11278.28125
8/11/19,11485.36578
8/12/19,11391.96865
8/13/19,10869.37911
8/14/19,10211.49858
8/15/19,10386.53955
8/16/19,10388.45059
8/17/19,10212.10144
8/18/19,10335.37284
8/19/19,10774.81031
8/20/19,10818.50701
8/21/19,10064.91679
8/22/19,10161.16475
8/23/19,10364.28135
8/24/19,10171.49746
8/25/19,10068.92242
8/26/19,10312.21504
8/27/19,10122.19653
8/28/19,9743.162051
8/29/19,9487.976434
8/30/19,9590.736337
8/31/19,9624.983911
9/1/19,9780.667897
9/2/19,10381.85596
9/3/19,10691.3113
9/4/19,10555.0469
9/5/19,10576.31789
9/6/19,10334.02389
9/7/19,10495.22736
9/8/19,10402.79653
9/9/19,10332.94219
9/10/19,10082.94683
9/11/19,10152.75298
9/12/19,10396.7672
9/13/19,10299.47696
9/14/19,10351.23202
9/15/19,10302.19071
9/16/19,10301.65965
9/17/19,10231.42151
9/18/19,10168.28771
9/19/19,10223.50558
9/20/19,10138.33521
9/21/19,9984.520516
9/22/19,10031.86671
9/23/19,9719.718696
9/24/19,8688.973526
9/25/19,8438.708552
9/26/19,8103.2109
9/27/19,8195.210697
9/28/19,8146.414032
9/29/19,8085.71329
9/30/19,8241.34147
10/1/19,8333.68919
10/2/19,8273.464018
10/3/19,8203.843833
10/4/19,8163.902638
10/5/19,8137.146689
10/6/19,7853.693305
10/7/19,8236.208379
10/8/19,8201.637818
10/9/19,8572.380812
10/10/19,8582.144518
10/11/19,8320.171581
10/12/19,8328.60426
10/13/19,8282.177326
10/14/19,8337.818999
10/15/19,8162.44
10/16/19,8003.820395
10/17/19,8058.058081
10/18/19,7970.239476
10/19/19,7943.347107
10/20/19,8200.318763
10/21/19,8200.246099
10/22/19,8073.409544
10/23/19,7420.415836
10/24/19,7460.617416
10/25/19,8591.223897
10/26/19,9171.306532
10/27/19,9578.367556
10/28/19,9458.22336
10/29/19,9455.724693
10/30/19,9225.995479
10/31/19,9131.41063
11/1/19,9197.632345
11/2/19,9290.896602
11/3/19,9202.415451
11/4/19,9369.628081
11/5/19,9326.599624
11/6/19,9335.752402
11/7/19,9226.485821
11/8/19,8794.358645
11/9/19,8798.042055
11/10/19,9081.186878
11/11/19,8711.534339
11/12/19,8760.892718
11/13/19,8749.520591
11/14/19,8656.970922
11/15/19,8500.643558
11/16/19,8469.260899
11/17/19,8537.339652
11/18/19,8205.806366
11/19/19,8118.488536
11/20/19,8074.843174
11/21/19,7612.740574
11/22/19,7262.110535
11/23/19,7303.405759
11/24/19,7041.732936
11/25/19,7211.861809
11/26/19,7141.069449
11/27/19,7523.480673
11/28/19,7390.207469
11/29/19,7729.265939
11/30/19,7542.235609
12/1/19,7381.963008
12/2/19,7333.43293
12/3/19,7315.367765
12/4/19,7213.733762
12/5/19,7398.78705
12/6/19,7511.880583
12/7/19,7532.123513
12/8/19,7550.2392
12/9/19,7333.096043
12/10/19,7239.762575
12/11/19,7198.066677
12/12/19,7190.272369
12/13/19,7238.874323
12/14/19,7087.024985
12/15/19,7112.731476
12/16/19,6883.496394
12/17/19,6584.028843
12/18/19,7424.0154
12/19/19,7147.568324
12/20/19,7139.933371
12/21/19,7286.335081
12/22/19,7236.986205
12/23/19,7166.172379
12/24/19,7235.62665
12/25/19,7212.809395
12/26/19,7183.706536
12/27/19,7227.293712
12/28/19,7311.560644
12/29/19,7385.464848
12/30/19,7251.276794
12/31/19,7179.957819
1/1/20,7174.744012
1/2/20,6955.48758
1/3/20,7291.219505
1/4/20,7337.63667
1/5/20,7347.433264
1/6/20,7713.860754
1/7/20,8039.603701
1/8/20,8067.606369
1/9/20,7808.701364
1/10/20,8087.452885
1/11/20,8078.993532
1/12/20,8149.313717
1/13/20,8116.961008
1/14/20,8735.142439
1/15/20,8843.675732
1/16/20,8711.637578
1/17/20,8925.299028
1/18/20,8939.8643
1/19/20,8638.18144
1/20/20,8652.683763
1/21/20,8708.786013
1/22/20,8635.074357
1/23/20,8384.088777
1/24/20,8451.232296
1/25/20,8347.567505
1/26/20,8562.30747
1/27/20,8881.962391
1/28/20,9131.114988
1/29/20,9320.978406
1/30/20,9545.077957
1/31/20,9388.880752
2/1/20,9363.193383
2/2/20,9385.260386
2/3/20,9269.707035
2/4/20,9177.894637
2/5/20,9625.456637
2/6/20,9681.377411
2/7/20,9795.344066
2/8/20,9927.778256
2/9/20,10132.7065
2/10/20,9838.900016
2/11/20,10236.63515
2/12/20,10364.92629
2/13/20,10218.09974
2/14/20,10367.528
2/15/20,9926.353691
2/16/20,9876.234963
2/17/20,9636.624095
2/18/20,10189.99598
2/19/20,9701.037191
2/20/20,9631.484946
2/21/20,9670.858654
2/22/20,9689.086743
2/23/20,9919.551448
2/24/20,9640.469505
2/25/20,9392.869629
2/26/20,8787.978363
2/27/20,8784.995352
2/28/20,8778.470511
2/29/20,8639.591417
3/1/20,8548.948322
3/2/20,8923.044398
3/3/20,8791.112058
3/4/20,8756.961062
3/5/20,9078.578777
3/6/20,9126.636822
3/7/20,8925.213488
3/8/20,8166.313894
3/9/20,7875.750875
3/10/20,7959.228274
3/11/20,7955.306284
3/12/20,5800.208905
3/13/20,5672.681201
3/14/20,5304.149952
3/15/20,5355.187374
3/16/20,4944.702336
3/17/20,5465.582594
3/18/20,5363.822853
3/19/20,6301.063404
3/20/20,6185.279839
3/21/20,6187.05375
3/22/20,5884.340133
3/23/20,6455.454688
3/24/20,6784.318011
3/25/20,6706.985089
3/26/20,6721.495392
3/27/20,6682.780049
3/28/20,6229.488343
3/29/20,5922.489835
3/30/20,6483.739446
3/31/20,6446.421347
4/1/20,6537.336462
4/2/20,6850.558712
4/3/20,6776.370094
4/4/20,6855.933264
4/5/20,6805.362287
4/6/20,7278.24397
4/7/20,7175.667477
4/8/20,7367.293398
4/9/20,7321.816614
4/10/20,6866.398189
4/11/20,6873.848495
4/12/20,7043.438864
4/13/20,6889.863772
4/14/20,6887.554908
4/15/20,6718.79995
4/16/20,7166.582817
4/17/20,7065.082389
4/18/20,7277.140586
4/19/20,7185.870303
4/20/20,6856.146435
4/21/20,6904.475773
4/22/20,7118.388748
4/23/20,7562.032832
4/24/20,7497.861764
4/25/20,7542.303401
4/26/20,7624.853786
4/27/20,7776.507543
4/28/20,7761.758784
4/29/20,8773.106488
4/30/20,8767.672623
5/1/20,8853.774484
5/2/20,8963.057558
5/3/20,8904.713817
5/4/20,8887.505893
5/5/20,8978.283587
5/6/20,9371.684273
5/7/20,9900.678867
5/8/20,9917.248414
5/9/20,9617.518195
5/10/20,8786.655182
5/11/20,8608.125245
5/12/20,8815.231245
5/13/20,9330.986485
5/14/20,9757.296586
5/15/20,9362.635557
5/16/20,9418.918551
5/17/20,9684.701959
5/18/20,9723.68015
5/19/20,9719.480854
5/20/20,9540.886567
5/21/20,9141.150637
5/22/20,9192.845136
5/23/20,9220.075887
5/24/20,9048.715119
5/25/20,8905.781605
5/26/20,8835.727224
5/27/20,9112.979176
5/28/20,9507.524665
5/29/20,9425.281869
5/30/20,9688.32439
5/31/20,9427.670084
6/1/20,10268.58198
6/2/20,9516.135443
6/3/20,9667.060754
6/4/20,9811.367095
6/5/20,9659.661298
6/6/20,9677.050995
6/7/20,9737.458559
6/8/20,9791.9279
6/9/20,9786.14202
6/10/20,9874.967048
6/11/20,9260.832641
6/12/20,9464.228097
6/13/20,9458.659754
6/14/20,9351.953728
6/15/20,9441.768996
6/16/20,9510.660637
6/17/20,9457.627074
6/18/20,9398.642094
6/19/20,9279.760765
6/20/20,9353.078196
6/21/20,9289.104491
6/22/20,9680.947128
6/23/20,9609.680246
6/24/20,9311.136318
6/25/20,9252.633372
6/26/20,9171.732086
6/27/20,9022.153768
6/28/20,9101.850057
6/29/20,9188.061375
6/30/20,9148.444859
7/1/20,9236.31677
7/2/20,9097.797366
7/3/20,9094.324561
7/4/20,9124.653534
7/5/20,9055.464483
7/6/20,9278.805637
7/7/20,9244.415815
7/8/20,9471.759973
7/9/20,9236.143254
7/10/20,9243.175259
7/11/20,9229.859755
7/12/20,9286.737042
7/13/20,9238.993755
7/14/20,9260.47098
7/15/20,9211.026433
7/16/20,9133.77783
7/17/20,9160.410591
7/18/20,9176.68639
7/19/20,9190.271534
7/20/20,9172.588333
7/21/20,9395.064446
7/22/20,9530.790885
7/23/20,9617.377861
7/24/20,9568.974726
7/25/20,9708.94914
7/26/20,9938.951223
7/27/20,11187.77973
7/28/20,10939.67014
7/29/20,11284.45899
7/30/20,11118.91841
7/31/20,11373.31726
8/1/20,11766.7483
8/2/20,11139.09838
8/3/20,11261.80633
8/4/20,11228.02632
8/5/20,11653.40759
8/6/20,11796.81736
8/7/20,11639.93541
8/8/20,11744.91208
8/9/20,11673.12324
8/10/20,11832.22731
8/11/20,11340.58234
8/12/20,11549.54631
8/13/20,11752.16866
8/14/20,11783.28341
8/15/20,11895.62695
8/16/20,11896.94717
8/17/20,12399.11188
8/18/20,12071.73891
8/19/20,11749.82951
8/20/20,11833.89735
8/21/20,11583.13894
8/22/20,11674.62435
8/23/20,11666.41012
8/24/20,11744.0127
8/25/20,11378.72603
8/26/20,11458.8226
8/27/20,11302.12096
8/28/20,11482.22569
8/29/20,11515.04443
8/30/20,11657.00393
8/31/20,11678.37326
9/1/20,11964.20867
9/2/20,11427.7026
9/3/20,10712.92065
9/4/20,10563.89694
9/5/20,10042.85485
9/6/20,10207.605
9/7/20,10381.77611
9/8/20,10043.19644
9/9/20,10268.46092
9/10/20,10341.01598
9/11/20,10380.5396
9/12/20,10436.36541
9/13/20,10313.06858
9/14/20,10680.29756
9/15/20,10829.50531
9/16/20,11033.38353
9/17/20,10937.11126
9/18/20,10933.93116
9/19/20,11048.87928
9/20/20,10852.91014
9/21/20,10526.20289
9/22/20,10531.16456
9/23/20,10260.03301
9/24/20,10672.95681
9/25/20,10729.06961
9/26/20,10741.47647
9/27/20,10752.34545
9/28/20,10863.06572
9/29/20,10764.28437
9/30/20,10741.57955
10/1/20,10626.60096
10/2/20,10567.3302
10/3/20,10555.02868
10/4/20,10660.61118
10/5/20,10756.40458
10/6/20,10589.62639
10/7/20,10645.75479
10/8/20,10897.59543
10/9/20,11052.39508
10/10/20,11360.85272
10/11/20,11334.02674
10/12/20,11666.2117
10/13/20,11443.73279
10/14/20,11395.54737
10/15/20,11504.54901
10/16/20,11355.16044
10/17/20,11358.70638
10/18/20,11471.00255
10/19/20,11776.593
10/20/20,11936.36291
10/21/20,13102.93446
10/22/20,13140.66928
10/23/20,12933.82357
10/24/20,13081.67256
10/25/20,13008.45326
10/26/20,13033.52427
10/27/20,13721.28222
10/28/20,13282.26035
10/29/20,13467.73178
10/30/20,13573.7105
10/31/20,13891.21683
11/1/20,13730.19731
11/2/20,13633.69822
11/3/20,13832.93841
11/4/20,14163.97682
11/5/20,15424.52768
11/6/20,15540.59659
11/7/20,14783.98168
11/8/20,15500.33425
11/9/20,15283.78014
11/10/20,15374.04439
11/11/20,15820.49524
11/12/20,16253.31027
11/13/20,16347.04492
11/14/20,15991.83302
11/15/20,15918.08013
11/16/20,16752.00299
11/17/20,17593.48641
11/18/20,17834.63653
11/19/20,17954.85801
11/20/20,18612.87067
11/21/20,18591.8566
11/22/20,18629.99554
11/23/20,18469.20047
11/24/20,19045.73647
11/25/20,18746.93481
11/26/20,17187.40628
11/27/20,17023.9614
11/28/20,17814.78028
11/29/20,18114.41435
11/30/20,19382.36059
12/1/20,18980.97745
12/2/20,19184.89785
12/3/20,19464.5317
12/4/20,18813.12476
12/5/20,19045.02027
12/6/20,19113.9334
12/7/20,19107.5998
12/8/20,18682.45783
12/9/20,18543.00705
12/10/20,18359.4766
12/11/20,18137.31937
12/12/20,18882.26017
12/13/20,19060.2769
12/14/20,19251.224
12/15/20,19443.47635
12/16/20,21310.65626
12/17/20,22895.97624
12/18/20,23008.77626
12/19/20,23890.82265
12/20/20,23537.36989
12/21/20,23177.271
12/22/20,23433.98076
12/23/20,23224.45414
12/24/20,23623.88553
12/25/20,24581.00617
12/26/20,26381.29623
12/27/20,26389.29026
12/28/20,26718.02946
12/29/20,26975.72956
12/30/20,28768.83621
12/31/20,29111.52157
1/1/21,29333.60512
1/2/21,32154.16736
1/3/21,33002.53643
1/4/21,31431.61228
1/5/21,34433.60651
1/6/21,36275.75635
1/7/21,39713.50786
1/8/21,40519.4486
1/9/21,40258.92399
1/10/21,38709.76537
1/11/21,34409.64238
1/12/21,34214.61026
1/13/21,37017.0075
1/14/21,38435.86351
1/15/21,36751.58497
1/16/21,36016.77961
1/17/21,36375.81138
1/18/21,36346.6095
1/19/21,36577.51965
1/20/21,35004.53263
1/21/21,30606.18268
1/22/21,33368.36593
1/23/21,32070.09743
1/24/21,32285.72613
1/25/21,32500.25596
1/26/21,32324.55565
1/27/21,30534.99937
1/28/21,33408.21834
1/29/21,34842.55739
1/30/21,34622.37323
1/31/21,33087.36986
2/1/21,33613.32076
2/2/21,35632.90195
2/3/21,37397.42636
2/4/21,37256.25211
2/5/21,37851.59659
2/6/21,40302.79979
2/7/21,38461.6814
2/8/21,44716.68547
2/9/21,46674.85169
2/10/21,45237.47569
2/11/21,47500.89752
2/12/21,47884.18286
2/13/21,47005.19065
2/14/21,49151.16758
2/15/21,48125.9922
2/16/21,48840.41447
2/17/21,52165.30256
2/18/21,51728.5088
2/19/21,55719.20436
2/20/21,54801.64864
2/21/21,57128.64261
2/22/21,54181.91465
2/23/21,48172.87748
2/24/21,48745.43298
2/25/21,48291.41208
2/26/21,45752.11492
2/27/21,46642.60608
2/28/21,45092.80657
3/1/21,49248.91401
3/2/21,47900.77688
3/3/21,50811.85517
3/4/21,48259.48708
3/5/21,49149.73083
3/6/21,48879.1519
3/7/21,50594.69857
3/8/21,51503.25813
3/9/21,54458.03781
3/10/21,56915.17394
3/11/21,57636.75796
3/12/21,57306.16626
3/13/21,60743.04182
3/14/21,60197.90199
3/15/21,56300.33411
3/16/21,56639.78395
3/17/21,58567.28378
3/18/21,57983.09474
3/19/21,58451.73147
3/20/21,58593.60245
3/21/21,57796.46737
3/22/21,54329.35863
3/23/21,54794.29771
3/24/21,52787.74553
3/25/21,52173.86798
3/26/21,54483.04573
3/27/21,56234.35611
3/28/21,55343.92582
3/29/21,57627.67925
3/30/21,58734.47543
3/31/21,58724.66452
4/1/21,58984.61293
4/2/21,58821.62699